{
  "cos_stats": {
    "max": 1.0,
    "mean": -0.0011071336264864126,
    "min": -1.0,
    "std": 0.4990753987080521
  },
  "dataset_size": 58673,
  "number_of_match": 29333,
  "number_of_unmatch": 29340,
  "sin_stats": {
    "max": 1.0,
    "mean": -0.0005332329888193588,
    "min": -1.0,
    "std": 0.5008618409012382
  },
  "tx_stats": {
    "max": 149.0,
    "mean": -0.40086581562217716,
    "min": -150.0,
    "std": 59.228583319180544
  },
  "ty_stats": {
    "max": 149.0,
    "mean": -1.0673222777086564,
    "min": -150.0,
    "std": 59.1682358497434
  }
}