{
  "cos_stats": {
    "max": 0.9999997416725074,
    "mean": -0.01512284665671898,
    "min": -0.9999992119677747,
    "std": 0.7106474930354406
  },
  "sin_stats": {
    "max": 0.999999971910443,
    "mean": 0.015233307663247916,
    "min": -0.9999999437003151,
    "std": 0.7032207238762788
  },
  "tx_stats": {
    "max": 60.0,
    "mean": -0.03682209325595357,
    "min": -60.0,
    "std": 34.44245076058911
  },
  "ty_stats": {
    "max": 60.0,
    "mean": -1.1048629177506504,
    "min": -60.0,
    "std": 34.93409287319686
  }
}